{
  "autoebiten_release.go": 1776412503.9968915,
  "state_exporter_test.go": 1776412504.1068635,
  "autoebiten_default.go": 1776412503.996523,
  "autoebiten.go": 1776412503.9962106,
  "state_exporter_edge_test.go": 1776412504.1066942,
  "state_exporter.go": 1776412504.1064887,
  "custom_command.go": 1776412504.0085366,
  "cmd/autoebiten/main.go": 1776412504.0080206,
  "cmd/docgen/main.go": 1776412504.0082505,
  "integrate/integrate.go": 1776412504.0892155,
  "integrate/integrate_test.go": 1776412504.0894406,
  "internal/proxy/server.go": 1776412504.0991583,
  "internal/proxy/server_test.go": 1776412504.0993793,
  "internal/input/input_time.go": 1776412504.0973227,
  "internal/input/mouse_buttons.go": 1776412504.0976877,
  "internal/input/keys.go": 1776412504.0975564,
  "internal/input/input.go": 1776412504.0970995,
  "internal/recording/recording_test.go": 1776412504.1001608,
  "internal/recording/recorder.go": 1776412504.0999215,
  "internal/recording/reader.go": 1776412504.0997255,
  "internal/recording/scriptgen.go": 1776412504.1004071,
  "internal/output/manager_test.go": 1776412504.0983665,
  "internal/output/output_test.go": 1776412504.098912,
  "internal/output/output.go": 1776412504.0987074,
  "internal/output/manager.go": 1776412504.0980232,
  "internal/server/custom.go": 1776412504.1034186,
  "internal/server/server.go": 1776412504.1045218,
  "internal/server/mouse.go": 1776412504.1042063,
  "internal/server/input.go": 1776412504.103885,
  "internal/server/wheel.go": 1776412504.104641,
  "internal/server/screenshot.go": 1776412504.104322,
  "internal/cli/schema_test.go": 1776412504.091031,
  "internal/cli/commands_response_test.go": 1776412504.0900621,
  "internal/cli/wait.go": 1776412504.0921357,
  "internal/cli/writer.go": 1776412504.0926893,
  "internal/cli/launch.go": 1776412504.0903432,
  "internal/cli/state_test.go": 1776412504.0918422,
  "internal/cli/schema.go": 1776412504.0908241,
  "internal/cli/state.go": 1776412504.0914042,
  "internal/cli/launch_test.go": 1776412504.090612,
  "internal/cli/commands.go": 1776412504.089854,
  "internal/cli/wait_test.go": 1776412504.0923173,
  "internal/script/executor_test.go": 1776412504.1023784,
  "internal/script/parser_test.go": 1776412504.1031525,
  "internal/script/ast.go": 1776412504.1020458,
  "internal/script/parser.go": 1776412504.1026518,
  "internal/script/executor.go": 1776412504.102205,
  "internal/version/version.go": 1776412504.1050103,
  "internal/docgen/config.go": 1776412504.093206,
  "internal/docgen/game_test.go": 1776412504.0949633,
  "internal/docgen/template_test.go": 1776412504.0962973,
  "internal/docgen/normalize.go": 1776412504.0956402,
  "internal/docgen/game.go": 1776412504.094666,
  "internal/docgen/context_test.go": 1776412504.0942075,
  "internal/docgen/normalize_test.go": 1776412504.0958161,
  "internal/docgen/template.go": 1776412504.0961359,
  "internal/docgen/context.go": 1776412504.0938635,
  "internal/docgen/gocode_test.go": 1776412504.0954292,
  "internal/docgen/verify_test.go": 1776412504.096729,
  "internal/docgen/config_test.go": 1776412504.0934727,
  "internal/docgen/gocode.go": 1776412504.0952456,
  "internal/docgen/verify.go": 1776412504.0965562,
  "internal/rpc/messages_test.go": 1776412504.1012368,
  "internal/rpc/handlers.go": 1776412504.1007237,
  "internal/rpc/messages.go": 1776412504.1009881,
  "internal/rpc/socket_discovery_test.go": 1776412504.1016333,
  "internal/rpc/socket.go": 1776412504.1014256,
  "internal/custom/custom.go": 1776412504.0929222,
  "testkit/options.go": 1776412504.1104412,
  "testkit/game_test.go": 1776412504.1079948,
  "testkit/game_mouse_test.go": 1776412504.107784,
  "testkit/game.go": 1776412504.1075757,
  "testkit/doc.go": 1776412504.107078,
  "testkit/mock.go": 1776412504.1096325,
  "testkit/mock_test.go": 1776412504.109863,
  "testkit/integration_test.go": 1776412504.1082556,
  "testkit/errors.go": 1776412504.1073456,
  "testkit/internal/testgames/stateful/main.go": 1776412504.1094272,
  "testkit/internal/testgames/simple/main.go": 1776412504.1091254,
  "testkit/internal/testgames/custom/main.go": 1776412504.108788,
  "examples/list_widget/main.go": 1776412504.02758,
  "examples/custom_commands/main.go": 1776412504.024923,
  "examples/tabbook_widget/main.go": 1776412504.0357802,
  "examples/crash_diagnostic/main.go": 1776412504.0241249,
  "examples/radiogroup_widget/main.go": 1776412504.0309744,
  "examples/testkit/black_box_test.go": 1776412504.036155,
  "examples/testkit/white_box_test.go": 1776412504.0364394,
  "examples/simple/main.go": 1776412504.0334918,
  "examples/autoui/main.go": 1776412504.0239148,
  "examples/state_exporter/game.go": 1776412504.0340183,
  "examples/state_exporter/cmd/main.go": 1776412504.0336862,
  "autoui/register.go": 1776412504.0051262,
  "autoui/config.go": 1776412503.998196,
  "autoui/handlers_test.go": 1776412503.9997587,
  "autoui/caller_export_test.go": 1776412503.997568,
  "autoui/proxy_tabbook.go": 1776412504.0038908,
  "autoui/proxy_radiogroup.go": 1776412504.0034385,
  "autoui/tree.go": 1776412504.0065372,
  "autoui/caller.go": 1776412503.9972615,
  "autoui/finder.go": 1776412503.9988234,
  "autoui/proxy_radiogroup_test.go": 1776412504.0035865,
  "autoui/xpath_test.go": 1776412504.0076272,
  "autoui/register_test.go": 1776412504.0053408,
  "autoui/xml.go": 1776412504.0069098,
  "autoui/proxy_tabbook_test.go": 1776412504.0041788,
  "autoui/handlers.go": 1776412503.999459,
  "autoui/proxy.go": 1776412504.0031168,
  "autoui/caller_test.go": 1776412503.997776,
  "autoui/registry.go": 1776412504.0058486,
  "autoui/xpath.go": 1776412504.007432,
  "autoui/finder_test.go": 1776412503.9991148,
  "autoui/doc.go": 1776412503.998522,
  "autoui/registry_test.go": 1776412504.0061963,
  "autoui/tree_test.go": 1776412504.0067716,
  "autoui/proxy_test.go": 1776412504.0047817,
  "autoui/xml_test.go": 1776412504.0071406,
  "autoui/integration_test.go": 1776412504.0007386,
  "autoui/highlight_test.go": 1776412504.000318,
  "autoui/highlight.go": 1776412504.00004,
  "autoui/internal/reflection_test.go": 1776412504.0020816,
  "autoui/internal/widgetstate.go": 1776412504.0024383,
  "autoui/internal/reflection.go": 1776412504.0018892,
  "autoui/internal/doc.go": 1776412504.0016272,
  "autoui/internal/widgetstate_test.go": 1776412504.0026536,
  "autoui/internal/customdata.go": 1776412504.0011024,
  "autoui/internal/customdata_test.go": 1776412504.0013154,
  "e2e/e2e_test.go": 1776412504.02263,
  "e2e/output_manager_test.go": 1776412504.0233324,
  "e2e/launch_test.go": 1776412504.0229928,
  "e2e/crash_diagnostics_test.go": 1776412504.0223074,
  "README.md": 1776412503.995901,
  "CLAUDE.md": 1776412503.9946165,
  "docs/integration.md": 1776412504.0123339,
  "docs/commands.md": 1776412504.0102584,
  "docs/autoui-reference.md": 1776412504.0096257,
  "docs/tutorial.md": 1776412504.0220516,
  "docs/autoui-commands.md": 1776412504.009375,
  "docs/SPEC.md": 1776412504.008911,
  "docs/testkit.md": 1776412504.0218813,
  "docs/superpowers/plans/2026-04-09-widget-state-extraction.md": 1776412504.0161915,
  "docs/superpowers/plans/2026-04-08-launch-socket-crash-diagnostics.md": 1776412504.0144348,
  "docs/superpowers/plans/2026-04-07-carriage-return-interpretation-plan.md": 1776412504.0132556,
  "docs/superpowers/plans/2026-04-06-documentation-rewrite.md": 1776412504.0128865,
  "docs/superpowers/plans/2026-04-08-autoui.md": 1776412504.0140069,
  "docs/superpowers/plans/2026-04-10-doc-template-system.md": 1776412504.0165493,
  "docs/superpowers/plans/2026-04-09-doc-example-automation.md": 1776412504.0155447,
  "docs/superpowers/plans/2026-04-11-autoui-call-type-support.md": 1776412504.0169106,
  "docs/superpowers/plans/2026-04-09-integrate-afterdraw.md": 1776412504.015854,
  "docs/superpowers/plans/2026-04-07-game-output-capture.md": 1776412504.0135984,