{
  "autoebiten_release.go": 1775005385.5027184,
  "state_exporter_test.go": 1775385930.753169,
  "autoebiten_default.go": 1775054372.3602238,
  "autoebiten.go": 1774870960.6574569,
  "state_exporter_edge_test.go": 1775463989.3688498,
  "state_exporter.go": 1775449447.3511102,
  "custom_command.go": 1775694331.8579655,
  "cmd/autoebiten/main.go": 1775784117.852114,
  "cmd/docgen/main.go": 1775824558.1905203,
  "integrate/integrate.go": 1775716706.8552952,
  "integrate/integrate_test.go": 1775716070.4912171,
  "internal/proxy/server.go": 1775627517.41236,
  "internal/proxy/server_test.go": 1775627609.7397912,
  "internal/input/input_time.go": 1774870960.6648326,
  "internal/input/mouse_buttons.go": 1774884896.4149506,
  "internal/input/keys.go": 1774884811.5462484,
  "internal/input/input.go": 1775402441.509357,
  "internal/recording/recording_test.go": 1775448273.9382846,
  "internal/recording/recorder.go": 1775451755.0711746,
  "internal/recording/reader.go": 1775448474.0825543,
  "internal/recording/scriptgen.go": 1775441599.87242,
  "internal/output/manager_test.go": 1775567934.5375905,
  "internal/output/output_test.go": 1775568098.4014184,
  "internal/output/output.go": 1775568002.5874732,
  "internal/output/manager.go": 1775574976.94954,
  "internal/server/custom.go": 1774970148.8944728,
  "internal/server/server.go": 1775402284.9179282,
  "internal/server/mouse.go": 1774971715.1914358,
  "internal/server/input.go": 1774969988.0726392,
  "internal/server/wheel.go": 1774970060.0579095,
  "internal/server/screenshot.go": 1774973313.1734378,
  "internal/cli/schema_test.go": 1774946365.718333,
  "internal/cli/commands_response_test.go": 1775706177.8377385,
  "internal/cli/wait.go": 1775735466.8598185,
  "internal/cli/writer.go": 1775629059.3306684,
  "internal/cli/launch.go": 1775637590.4744375,
  "internal/cli/state_test.go": 1775452030.7312753,
  "internal/cli/schema.go": 1774950136.185049,
  "internal/cli/state.go": 1775451780.9879014,
  "internal/cli/launch_test.go": 1775636636.8498862,
  "internal/cli/commands.go": 1775786820.1275866,
  "internal/cli/wait_test.go": 1775735466.8602881,
  "internal/script/executor_test.go": 1775453069.905303,
  "internal/script/parser_test.go": 1775367608.7465498,
  "internal/script/ast.go": 1775453054.0364187,
  "internal/script/parser.go": 1775367615.4868784,
  "internal/script/executor.go": 1775453055.8342378,
  "internal/version/version.go": 1775051904.1223953,
  "internal/docgen/config.go": 1775821809.6820464,
  "internal/docgen/game_test.go": 1775821809.6836731,
  "internal/docgen/template_test.go": 1775821809.685344,
  "internal/docgen/normalize.go": 1775821809.6844993,
  "internal/docgen/game.go": 1775821809.6835182,
  "internal/docgen/context_test.go": 1775821863.6827688,
  "internal/docgen/normalize_test.go": 1775821809.6846776,
  "internal/docgen/template.go": 1775821809.6850617,
  "internal/docgen/context.go": 1775821858.0940332,
  "internal/docgen/gocode_test.go": 1775821809.6841183,
  "internal/docgen/verify_test.go": 1775821809.685748,
  "internal/docgen/config_test.go": 1775821809.6823092,
  "internal/docgen/gocode.go": 1775821809.6838863,
  "internal/docgen/verify.go": 1775821809.6855354,
  "internal/rpc/messages_test.go": 1775626667.4076154,
  "internal/rpc/handlers.go": 1775561520.4108067,
  "internal/rpc/messages.go": 1775626678.1206748,
  "internal/rpc/socket_discovery_test.go": 1775636523.0408685,
  "internal/rpc/socket.go": 1775636437.6884458,
  "internal/custom/custom.go": 1775461792.3565872,
  "testkit/options.go": 1775376507.8994067,
  "testkit/game_test.go": 1775461156.7541122,
  "testkit/game_mouse_test.go": 1775549846.2095406,
  "testkit/game.go": 1775783479.8499105,
  "testkit/doc.go": 1775393993.2897525,
  "testkit/mock.go": 1775403258.924926,
  "testkit/mock_test.go": 1775403403.7604432,
  "testkit/integration_test.go": 1775461163.3742366,
  "testkit/errors.go": 1775385974.0736508,
  "testkit/internal/testgames/stateful/main.go": 1775822791.707929,
  "testkit/internal/testgames/simple/main.go": 1775822780.6130738,
  "testkit/internal/testgames/custom/main.go": 1775822766.8315184,
  "examples/custom_commands/main.go": 1775823432.4379063,
  "examples/crash_diagnostic/main.go": 1775822734.741244,
  "examples/testkit/black_box_test.go": 1775461406.8041546,
  "examples/testkit/white_box_test.go": 1775457220.2345283,
  "examples/simple/main.go": 1775822754.8068159,
  "examples/autoui/main.go": 1775822887.9089336,
  "examples/state_exporter/game.go": 1775457167.2336822,
  "examples/state_exporter/cmd/main.go": 1775823462.948156,
  "autoui/register.go": 1775740040.2333984,
  "autoui/config.go": 1775665087.4960463,
  "autoui/handlers_test.go": 1775895431.8448665,
  "autoui/caller_export_test.go": 1775885223.520792,
  "autoui/proxy_tabbook.go": 1775895414.104369,
  "autoui/proxy_radiogroup.go": 1775895414.1039379,
  "autoui/tree.go": 1775895414.105878,
  "autoui/caller.go": 1775885223.5203574,
  "autoui/finder.go": 1775706463.4639766,
  "autoui/proxy_radiogroup_test.go": 1775895414.104145,
  "autoui/xpath_test.go": 1775740040.2359588,
  "autoui/register_test.go": 1775740040.2335632,
  "autoui/xml.go": 1775895414.1066492,
  "autoui/proxy_tabbook_test.go": 1775895414.105025,
  "autoui/handlers.go": 1775897598.4050617,
  "autoui/proxy.go": 1775895431.8454115,
  "autoui/caller_test.go": 1775885223.5213149,
  "autoui/registry.go": 1775895414.1052632,
  "autoui/xpath.go": 1775740040.2357125,
  "autoui/finder_test.go": 1775665087.4971058,
  "autoui/doc.go": 1775665087.4965646,
  "autoui/registry_test.go": 1775895414.105499,
  "autoui/tree_test.go": 1775895414.1063526,
  "autoui/proxy_test.go": 1775885223.5234084,
  "autoui/xml_test.go": 1775895414.107041,
  "autoui/integration_test.go": 1775895431.8451276,
  "autoui/highlight_test.go": 1775665087.4980395,
  "autoui/highlight.go": 1775716070.48958,
  "autoui/internal/reflection_test.go": 1775895414.102693,
  "autoui/internal/widgetstate.go": 1775895414.1033518,
  "autoui/internal/reflection.go": 1775895414.1025007,
  "autoui/internal/doc.go": 1775665087.4993749,
  "autoui/internal/widgetstate_test.go": 1775716947.9185617,
  "autoui/internal/customdata.go": 1775740040.2326484,
  "autoui/internal/customdata_test.go": 1775740040.2331922,
  "e2e/e2e_test.go": 1774970658.1822684,
  "e2e/output_manager_test.go": 1775568491.1881356,
  "e2e/launch_test.go": 1775576764.0956688,
  "e2e/crash_diagnostics_test.go": 1775706193.1744967,
  "README.md": 1775826071.7855768,
  "CLAUDE.md": 1776386062.1852849,
  "docs/integration.md": 1775898315.0278575,
  "docs/commands.md": 1775898305.3444426,
  "docs/tutorial.md": 1775898329.9740634,
  "docs/autoui.md": 1775898274.0383034,
  "docs/SPEC.md": 1775444718.4696894,
  "docs/testkit.md": 1775898315.0290425,
  "docs/superpowers/plans/2026-04-09-widget-state-extraction.md": 1775715222.6139247,
  "docs/superpowers/plans/2026-04-08-launch-socket-crash-diagnostics.md": 1775626533.820361,
  "docs/superpowers/plans/2026-04-07-carriage-return-interpretation-plan.md": 1775567463.6371086,
  "docs/superpowers/plans/2026-04-06-documentation-rewrite.md": 1775454882.4908044,
  "docs/superpowers/plans/2026-04-08-autoui.md": 1775658026.1670349,
  "docs/superpowers/plans/2026-04-10-doc-template-system.md": 1775800732.0306568,
  "docs/superpowers/plans/2026-04-09-doc-example-automation.md": 1775782046.8743315,
  "docs/superpowers/plans/2026-04-11-autoui-call-type-support.md": 1775885223.5249512,
  "docs/superpowers/plans/2026-04-09-integrate-afterdraw.md": 1775715180.814878,
  "docs/superpowers/plans/2026-04-07-game-output-capture.md": 1775550914.5179985,
  "docs/superpowers/plans/2026-04-09-autoui-bugfixes.md": 1775725328.776414,
  "docs/superpowers/plans/2026-04-11-autoui-radiogroup-tabbook-support.md": 1775885223.5252647,
  "docs/superpowers/plans/2026-04-09-autoui-exists.md": 1775727645.868433,
  "docs/superpowers/specs/2026-04-09-integrate-afterdraw-design.md": 1775714975.9633744,